time,latitude,longitude,mag
2021-11-28T02:26:06.766293Z,52.01464589463424,5.198286873472533,1.0
2021-11-28T02:26:06.766433Z,52.00211711554065,5.16283575850307,2.0833333333333335
2021-11-28T02:26:06.766526Z,51.99530928277414,5.160860452373143,1.4166666666666667
2021-11-28T02:26:06.766615Z,52.00400474427035,5.158224306578582,2.625
2021-11-28T02:26:06.766701Z,52.042119151892514,5.117917147284272,1.0
2021-11-28T02:26:06.766786Z,52.04757975072915,5.120027216905856,1.1666666666666667
2021-11-28T02:26:06.766871Z,52.03805818042706,5.095948746814006,1.0
2021-11-28T02:26:06.766955Z,52.08473250911661,5.099219442759073,1.0
2021-11-28T02:26:06.767039Z,52.0962050559382,5.112089908710353,1.0
2021-11-28T02:26:06.767123Z,52.0930678999661,5.12781056667932,1.0
2021-11-28T02:26:06.767207Z,52.09722687213084,5.1266773284129865,1.0
2021-11-28T02:26:06.767291Z,52.083700557686505,5.122962866555389,1.0
2021-11-28T02:26:06.767374Z,52.070880736031576,4.977391221374024,1.125
2021-11-28T02:26:06.767459Z,52.06548946328049,4.985694808686974,1.0
2021-11-28T02:26:06.767556Z,52.07895022517773,4.992649122475779,1.125
2021-11-28T02:26:06.767644Z,52.08882300650267,4.9728057627297515,1.0
2021-11-28T02:26:06.767724Z,52.08496726875834,5.024678967123413,1.0
2021-11-28T02:26:06.767802Z,52.08239563420654,5.061259611320786,1.0
2021-11-28T02:26:06.767880Z,52.000631426878186,5.376091996138622,1.0
2021-11-28T02:26:06.767957Z,51.95027868619687,4.858501696142062,1.0
2021-11-28T02:26:06.768034Z,51.974824603125924,5.335478627780662,1.0
2021-11-28T02:26:06.768111Z,51.98114868721842,5.327844089444154,1.0
2021-11-28T02:26:06.768188Z,52.029963403208654,4.86933582051419,1.0
2021-11-28T02:26:06.768264Z,52.056065089811604,4.793113210158326,1.3333333333333333
2021-11-28T02:26:06.768341Z,52.07143661747548,4.9236534979273765,1.6666666666666667
2021-11-28T02:26:06.768418Z,52.13767550009742,5.008212816356029,1.0
2021-11-28T02:26:06.768494Z,51.998581710516966,5.208300046006833,1.1666666666666667
2021-11-28T02:26:06.768571Z,52.09444031836708,4.999137644529935,1.2
2021-11-28T02:26:06.768647Z,52.06806494928459,5.124601081311386,1.3333333333333333
2021-11-28T02:26:06.768724Z,52.16152565347011,5.1562185447300966,1.4166666666666667
2021-11-28T02:26:06.768801Z,52.044215204096794,5.2029287070768815,1.25
2021-11-28T02:26:06.768877Z,52.05465799231889,4.935826520527883,1.0
2021-11-28T02:26:06.768953Z,51.96197357799751,4.864765929738105,1.0
2021-11-28T02:26:06.769029Z,52.10985113327623,4.775610637602683,1.0
2021-11-28T02:26:06.769105Z,52.04749584737476,4.79066121497031,1.0
2021-11-28T02:26:06.769181Z,52.13261681340149,4.920857183091817,1.0
2021-11-28T02:26:06.769257Z,52.096333427313766,5.023448548905929,1.0
2021-11-28T02:26:06.769334Z,52.09371300940184,4.938555242065004,1.0
2021-11-28T02:26:06.769417Z,51.982718115882555,5.019013118273372,1.7142857142857142
2021-11-28T02:26:06.769496Z,52.00500052871471,4.9581284647869435,1.0
2021-11-28T02:26:06.769574Z,52.10761868183936,5.157752373574738,1.0
2021-11-28T02:26:06.769650Z,52.06679815171337,5.097949356760766,2.5
2021-11-28T02:26:06.769727Z,52.09382056143229,4.922239497112183,1.8888888888888888
2021-11-28T02:26:06.769803Z,52.14105703853681,5.173707905053399,1.0
2021-11-28T02:26:06.769880Z,52.03820222214387,4.9603756155038,1.0
2021-11-28T02:26:06.769956Z,51.97315455133921,5.321000049314946,1.0
2021-11-28T02:26:06.770032Z,52.059569353851565,5.12782965206136,2.75
2021-11-28T02:26:06.770109Z,52.118264506766906,4.959231588334554,1.0
2021-11-28T02:26:06.770185Z,52.15328856972925,4.916126105882106,1.0
2021-11-28T02:26:06.770261Z,52.156712989609005,4.929826464881485,1.0
2021-11-28T02:26:06.770338Z,52.04190349989241,4.783287394978616,1.0
2021-11-28T02:26:06.770414Z,52.08302105105568,4.78958936130099,1.0
2021-11-28T02:26:06.770492Z,52.034711682280154,4.802650651152309,1.3333333333333333
2021-11-28T02:26:06.770569Z,52.10902803667076,4.922125122899645,1.0
2021-11-28T02:26:06.770646Z,52.12176523717578,4.9654330418939,1.0
2021-11-28T02:26:06.770723Z,52.0641246711603,4.844688916309499,1.0
2021-11-28T02:26:06.770799Z,52.024482973565526,4.806280952269428,1.5
2021-11-28T02:26:06.770875Z,52.027134682486235,4.851824955679297,1.0
2021-11-28T02:26:06.770951Z,52.11574316831961,4.999463700103404,1.0
2021-11-28T02:26:06.771027Z,52.0899256280328,5.0325327186705335,1.75
2021-11-28T02:26:06.771104Z,52.099870186725695,4.920118738310528,1.5714285714285714
2021-11-28T02:26:06.771188Z,51.97760354365689,4.985942804315113,1.0
2021-11-28T02:26:06.771266Z,51.958306907448765,4.8813504665673495,1.2857142857142858
2021-11-28T02:26:06.771343Z,52.03364427334671,5.2269009330442175,1.0
2021-11-28T02:26:06.771419Z,52.1143911753631,5.098429837803724,1.4
2021-11-28T02:26:06.771497Z,52.11253644420146,5.158427875984824,1.0
2021-11-28T02:26:06.771573Z,52.11140008432523,4.804596876793156,1.0
2021-11-28T02:26:06.771650Z,51.94988241819747,4.913140976239501,1.0
2021-11-28T02:26:06.771725Z,52.13047239811778,4.952425706973647,1.5
2021-11-28T02:26:06.771801Z,52.127607274211826,5.131173406983073,2.0
2021-11-28T02:26:06.771877Z,52.033336476849215,4.871949128684347,1.0
2021-11-28T02:26:06.771953Z,52.046492627115505,4.986914682963564,1.0
2021-11-28T02:26:06.772029Z,52.00323962127749,5.324057658269662,1.0
2021-11-28T02:26:06.772105Z,52.053353528562155,5.195674335945887,1.0
2021-11-28T02:26:06.772182Z,52.02467616989205,5.127259360351096,1.0
2021-11-28T02:26:06.772258Z,52.129879664780184,5.004437976978052,2.1666666666666665
2021-11-28T02:26:06.772334Z,52.1410210840973,5.000529789603454,1.0
2021-11-28T02:26:06.772416Z,52.02436890102423,5.143288093806822,1.0
2021-11-28T02:26:06.772493Z,52.02426046668097,5.151841223885098,1.0
2021-11-28T02:26:06.772569Z,52.141647772108975,4.887426562947419,1.0
2021-11-28T02:26:06.772648Z,52.141825038566004,4.897548233565442,1.3333333333333333
2021-11-28T02:26:06.772725Z,52.43349348097515,4.929969916083626,1.0
2021-11-28T02:26:06.772801Z,52.44420419986874,4.917842728774997,1.0
2021-11-28T02:26:06.772877Z,52.44802065049889,4.935512385513735,1.0
2021-11-28T02:26:06.772961Z,52.44669792648264,4.925773839412587,1.0
2021-11-28T02:26:06.773039Z,52.44171072182966,4.926002313326343,1.0
2021-11-28T02:26:06.773115Z,52.43770159875241,4.9212352219117355,1.0
2021-11-28T02:26:06.773191Z,52.459685172818176,4.92815437043716,1.0
2021-11-28T02:26:06.773267Z,52.457017219276146,4.930830281534652,1.0
2021-11-28T02:26:06.773344Z,52.45680922102371,4.935187275538995,1.0
2021-11-28T02:26:06.773422Z,52.44735256127984,4.946654048969832,1.0
2021-11-28T02:26:06.773498Z,52.450988744589594,4.843939073007455,1.0
2021-11-28T02:26:06.773574Z,52.45685820676065,4.859991819953355,1.0
2021-11-28T02:26:06.773650Z,52.45361163931782,4.859530316355132,1.0
2021-11-28T02:26:06.773727Z,52.46574104504155,4.844743827747972,1.0
2021-11-28T02:26:06.773804Z,52.43312618176547,4.885816163727601,1.0
2021-11-28T02:26:06.773879Z,52.464871304121424,4.849139591406536,1.0
2021-11-28T02:26:06.773957Z,52.46932392300963,4.876414072676143,1.0
2021-11-28T02:26:06.774032Z,52.46753919720859,4.871063359998158,1.0
2021-11-28T02:26:06.774109Z,52.43179455048914,4.898373796912578,1.0
2021-11-28T02:26:06.774185Z,52.44520216762244,5.040706363648948,1.0
2021-11-28T02:26:06.774262Z,52.45049063475065,5.0269109779722445,1.0
2021-11-28T02:26:06.774337Z,52.44408570860367,5.03393470788476,1.0
2021-11-28T02:26:06.774413Z,52.441271103686965,5.030427467187287,1.0
2021-11-28T02:26:06.774489Z,52.43983779676635,5.026041741368811,1.0
2021-11-28T02:26:06.774569Z,52.43661374003976,5.023906324699299,1.0
2021-11-28T02:26:06.774645Z,52.43714857490314,5.028357768352474,1.0
2021-11-28T02:26:06.775487Z,52.4227626273354,5.02641618263549,1.0
2021-11-28T02:26:06.775681Z,52.43795577675519,5.055557276939959,1.0
2021-11-28T02:26:06.775785Z,52.38906642665112,5.019991858724837,1.0
2021-11-28T02:26:06.775877Z,52.690336759561475,4.7696027616406536,1.0
2021-11-28T02:26:06.775968Z,52.685609842911994,4.771399516933853,1.0
2021-11-28T02:26:06.776057Z,51.94652044991051,4.254100737640162,1.0
2021-11-28T02:26:06.776156Z,52.00617328521142,4.312805460813338,1.0
2021-11-28T02:26:06.776252Z,51.995810192080036,4.327790226731214,1.0
2021-11-28T02:26:06.776342Z,51.93478263082115,4.331542006568879,1.0
2021-11-28T02:26:06.776430Z,51.94099163277503,4.326291152913911,1.25
2021-11-28T02:26:06.776509Z,51.9384931664876,4.311501643668197,1.0
2021-11-28T02:26:06.776587Z,51.94843267508546,4.320136802612936,1.0
2021-11-28T02:26:06.776665Z,51.93338634377765,4.299656287021772,1.0
2021-11-28T02:26:06.776743Z,51.921857607164995,4.277968706670758,1.0
2021-11-28T02:26:06.776822Z,51.97292957761958,4.310516063166165,1.0
2021-11-28T02:26:06.776899Z,51.94487583686115,4.2758001884308925,1.2
2021-11-28T02:26:06.776976Z,51.965672983711144,4.3033850802397255,1.0
2021-11-28T02:26:06.777053Z,51.93686643140586,4.234697034342468,1.0
2021-11-28T02:26:06.777131Z,51.943053767131346,4.297211393409881,1.0
2021-11-28T02:26:06.777208Z,51.93326891324645,4.2879968632371135,1.0
2021-11-28T02:26:06.777285Z,51.94087981269164,4.3061214077310455,1.0
2021-11-28T02:26:06.777361Z,51.98925860373462,4.190122786236011,1.0
2021-11-28T02:26:06.777438Z,51.985841085146696,4.190840028113491,1.0
2021-11-28T02:26:06.777526Z,52.00572473052658,4.27611245947681,1.0
2021-11-28T02:26:06.777605Z,51.99871009270768,4.2719611633807695,1.0
2021-11-28T02:26:06.777682Z,52.01920021804239,4.238771948088098,1.0
2021-11-28T02:26:06.777758Z,51.987281176223625,4.246228317046885,1.0
2021-11-28T02:26:06.777835Z,51.93596040165653,4.297092681653359,1.0
2021-11-28T02:26:06.777922Z,51.96006763592025,4.341525298575108,1.0
2021-11-28T02:26:06.778000Z,51.95019592282589,4.325259048433099,1.0
2021-11-28T02:26:06.778077Z,51.992180104059585,4.257402754237763,1.0
2021-11-28T02:26:06.778154Z,51.988513905866455,4.4015304625217615,1.0
2021-11-28T02:26:06.778231Z,51.98393635099387,4.3852973054955955,1.0
2021-11-28T02:26:06.778309Z,52.04694619506036,4.551025061927581,1.0
2021-11-28T02:26:06.778385Z,51.948830748095986,4.4753365218906795,1.0
2021-11-28T02:26:06.778462Z,51.94865015260536,4.4798785753456185,1.0
2021-11-28T02:26:06.778538Z,51.948111229245626,4.497577297722621,1.0
2021-11-28T02:26:06.778628Z,51.94904184462359,4.494649619559484,1.3333333333333333
2021-11-28T02:26:06.778705Z,51.952408765880634,4.506060498814226,2.0
2021-11-28T02:26:06.778782Z,51.955900245586705,4.488752089244789,1.0
2021-11-28T02:26:06.778858Z,51.95497660995772,4.482005685413,1.0
2021-11-28T02:26:06.778934Z,51.95323231467978,4.480775212952702,1.0
2021-11-28T02:26:06.779012Z,51.955162487702495,4.487486611738909,1.0
2021-11-28T02:26:06.779088Z,51.94968188788859,4.477297553715857,1.0
2021-11-28T02:26:06.779164Z,51.95506555304757,4.4971921788275155,2.0
2021-11-28T02:26:06.779241Z,51.947656664593076,4.489804321901467,3.5
2021-11-28T02:26:06.779327Z,51.9527677906259,4.503594942848163,2.0
2021-11-28T02:26:06.779407Z,51.94751124121359,4.479057934869074,1.0
2021-11-28T02:26:06.779483Z,51.950386469273866,4.4847457152528465,1.1666666666666667
2021-11-28T02:26:06.779559Z,51.95167615988826,4.4864799894871545,1.0
2021-11-28T02:26:06.779645Z,51.95549960055297,4.495161360876936,2.3333333333333335
2021-11-28T02:26:06.779724Z,51.930751691934496,4.514046215476691,2.0
2021-11-28T02:26:06.779800Z,51.93453831101,4.509537464714171,1.0
2021-11-28T02:26:06.779878Z,51.937289941086426,4.50848027746563,1.0
2021-11-28T02:26:06.779956Z,51.987926667439005,4.542109156280221,1.0
2021-11-28T02:26:06.780033Z,51.987926667439005,4.542109156280221,1.0
2021-11-28T02:26:06.780110Z,51.9953193995373,4.541431077989897,1.0
2021-11-28T02:26:06.780187Z,51.95163210569064,4.77782490018251,1.0
2021-11-28T02:26:06.780264Z,51.99712582193978,4.715684746177456,1.0
2021-11-28T02:26:06.780340Z,51.96829392472154,4.64869601009555,1.0
2021-11-28T02:26:06.780415Z,51.987690210523645,4.702039183227829,1.0
2021-11-28T02:26:06.780491Z,51.9311592873946,4.681876413772578,1.0
2021-11-28T02:26:06.780568Z,51.95673127303203,4.838640148701925,1.0
2021-11-28T02:26:06.780645Z,51.97473118112518,4.682647062449038,1.0
2021-11-28T02:26:06.780722Z,51.94304644040018,4.67811192827935,1.0
2021-11-28T02:26:06.780799Z,51.93390543199794,4.588450460283905,1.0
2021-11-28T02:26:06.780875Z,51.985177759818065,4.549876601376647,1.0
2021-11-28T02:26:06.780951Z,51.97880974532653,4.55182947812902,1.0
2021-11-28T02:26:06.781028Z,51.93547072905121,4.488986221188178,1.0
2021-11-28T02:26:06.781601Z,51.99419820502968,4.546781466470362,1.0
2021-11-28T02:26:06.781724Z,52.005533474546944,4.5519286902916,1.0
2021-11-28T02:26:06.781823Z,52.036997211525495,4.56268107192319,1.0
2021-11-28T02:26:06.781909Z,52.035270810641364,4.563878779436802,1.0
2021-11-28T02:26:06.781991Z,51.993628919716265,4.551407838765059,1.0
2021-11-28T02:26:06.782072Z,52.03386695982966,4.561077297254159,1.0
2021-11-28T02:26:06.782151Z,51.96990533248283,4.538475606171941,1.0
2021-11-28T02:26:06.782230Z,51.9511129357556,4.502274650903646,1.0
2021-11-28T02:26:06.782308Z,52.01498541623345,4.665495011052385,1.0
2021-11-28T02:26:06.782386Z,52.01696354345414,4.671494301718912,1.0
2021-11-28T02:26:06.782463Z,52.01761630441418,4.667987510751317,1.0
2021-11-28T02:26:06.782540Z,52.016691387460256,4.66813346461899,1.0
2021-11-28T02:26:06.782618Z,52.015725073466484,4.665920128030655,1.0
2021-11-28T02:26:06.782694Z,52.02917055706305,4.656975063967568,1.0
2021-11-28T02:26:06.782771Z,52.02166993859788,4.619566118974173,1.0
2021-11-28T02:26:06.782848Z,51.98028198055407,4.648280344890503,1.0
2021-11-28T02:26:06.782925Z,51.98598802360582,4.638068573366403,1.0
2021-11-28T02:26:06.783003Z,52.00991491215904,4.604837515414085,1.0
2021-11-28T02:26:06.783079Z,47.974765884661494,3.313557632910218,1.0
2021-11-28T02:26:06.783157Z,47.974765884661494,3.313557632910218,1.0
2021-11-28T02:26:06.783235Z,47.974765884661494,3.313557632910218,1.0
2021-11-28T02:26:06.783311Z,47.974765884661494,3.313557632910218,1.0
2021-11-28T02:26:06.783389Z,47.974765884661494,3.313557632910218,1.0
2021-11-28T02:26:06.783473Z,47.974765884661494,3.313557632910218,1.6071428571428572
2021-11-28T02:26:06.783560Z,47.974765884661494,3.313557632910218,1.0
2021-11-28T02:26:06.783639Z,47.974765884661494,3.313557632910218,1.0
2021-11-28T02:26:06.783716Z,47.974765884661494,3.313557632910218,1.4333333333333333
2021-11-28T02:26:06.783793Z,47.974765884661494,3.313557632910218,1.0
2021-11-28T02:26:06.783870Z,47.974765884661494,3.313557632910218,1.0
2021-11-28T02:26:06.783947Z,47.974765884661494,3.313557632910218,1.0
2021-11-28T02:26:06.784023Z,47.974765884661494,3.313557632910218,1.0
2021-11-28T02:26:06.784100Z,47.974765884661494,3.313557632910218,1.0
2021-11-28T02:26:06.784177Z,47.974765884661494,3.313557632910218,1.0
2021-11-28T02:26:06.784254Z,51.71324203697018,5.251608031761586,1.0833333333333333
2021-11-28T02:26:06.784330Z,51.707869159315095,5.098771421338805,1.0
2021-11-28T02:26:06.784407Z,51.71112585519039,5.139306992714686,1.0
2021-11-28T02:26:06.784483Z,51.71448977527599,5.1823511612264435,1.0
2021-11-28T02:26:06.784559Z,51.70979569063741,5.078763679151214,1.0
2021-11-28T02:26:06.784636Z,51.69395100074486,5.100841615623248,1.0
2021-11-28T02:26:06.784711Z,51.668602147745624,5.1668024359326274,1.0
2021-11-28T02:26:06.784787Z,51.66958676776754,5.212318305819388,1.0
2021-11-28T02:26:06.784863Z,51.67238659858492,5.2843007097079395,1.0
2021-11-28T02:26:06.784941Z,51.664463072279595,5.443817720093995,1.0
2021-11-28T02:26:06.785017Z,51.660255897104726,5.48534916496718,1.2727272727272727
2021-11-28T02:26:06.785094Z,51.649228057255755,5.535477954130021,1.565217391304348
2021-11-28T02:26:06.785170Z,51.65493141089576,5.5702799730879535,1.2727272727272727
2021-11-28T02:26:06.785255Z,51.65099070435065,5.594077060547005,4.275
2021-11-28T02:26:06.785340Z,51.62342379393666,5.626515303203207,1.3333333333333333
2021-11-28T02:26:06.785419Z,51.53494432088162,5.672530040818695,1.4545454545454546
2021-11-28T02:26:06.785496Z,51.53500635951262,5.672890750585425,1.6666666666666667
2021-11-28T02:26:06.785572Z,51.527550536502474,5.681821559752568,1.0
2021-11-28T02:26:06.785647Z,51.52743139120675,5.682728642366211,1.5454545454545454
2021-11-28T02:26:06.785723Z,51.52534231391368,5.691173571119685,1.2
2021-11-28T02:26:06.785799Z,51.52475979446465,5.738591584555823,1.0
2021-11-28T02:26:06.785874Z,51.517313594783715,5.748590252865193,1.0
2021-11-28T02:26:06.785951Z,51.51059766708239,5.760449881097864,1.6666666666666667
2021-11-28T02:26:06.786027Z,51.6711118352834,5.112406374101826,1.0
2021-11-28T02:26:06.786104Z,51.57305330573946,5.5925963333346775,1.0
2021-11-28T02:26:06.786180Z,51.68311417809946,5.353409047623792,1.0
2021-11-28T02:26:06.786257Z,51.38282908850214,4.279097210174508,1.2
2021-11-28T02:26:06.786334Z,51.38365245349174,4.31328268646638,1.0
2021-11-28T02:26:06.786409Z,51.48872786927694,4.274762629134511,2.535438596491228
2021-11-28T02:26:06.786485Z,51.54390273801513,4.37856657181961,1.0
2021-11-28T02:26:06.786560Z,51.575937763763875,4.396147802683213,1.0
2021-11-28T02:26:06.786636Z,51.55608064432637,4.359708258663515,1.0
2021-11-28T02:26:06.786712Z,51.567587345668876,4.361813404192274,1.0
2021-11-28T02:26:06.786788Z,51.57808343843477,4.347192168272089,1.0
2021-11-28T02:26:06.786863Z,51.58185677349022,4.351001423837876,1.0
2021-11-28T02:26:06.786940Z,51.5929108467072,4.372223934054267,1.0
2021-11-28T02:26:06.787024Z,51.556538793106576,4.3156285705191815,1.3333333333333333
2021-11-28T02:26:06.787103Z,51.56377181222057,4.305506047768448,1.0555555555555556
2021-11-28T02:26:06.787180Z,51.57391997794511,4.304456362227302,1.0
2021-11-28T02:26:06.787257Z,51.493932350336394,4.463385107516932,1.0
2021-11-28T02:26:06.787334Z,51.51906670670162,4.433279411834345,1.25
2021-11-28T02:26:06.787410Z,51.549105799490114,4.446259315299334,1.0
2021-11-28T02:26:06.787486Z,51.57359565731372,4.245793001688534,1.6666666666666667
2021-11-28T02:26:06.787564Z,51.585916882880554,4.2190759166160685,1.1666666666666667
2021-11-28T02:26:06.787641Z,51.43258854937676,5.478990496985874,1.0
2021-11-28T02:26:06.787716Z,51.421556152767074,5.471434774577976,1.0
2021-11-28T02:26:06.787793Z,51.45085465974839,5.48849342048121,2.1
2021-11-28T02:26:06.787869Z,51.41435961068078,5.452102020050987,1.0
2021-11-28T02:26:06.787945Z,51.40316863124301,5.43340369128085,1.0
2021-11-28T02:26:06.788020Z,51.378228199178444,5.424444447479384,1.0
2021-11-28T02:26:06.788096Z,51.399136120312,5.423829320242675,1.0
2021-11-28T02:26:06.788172Z,51.38407183333724,5.421274564358875,1.0
2021-11-28T02:26:06.788249Z,51.369613709929176,5.433613740050585,2.0
2021-11-28T02:26:06.788325Z,51.50125949187476,5.526771242974833,1.0
2021-11-28T02:26:06.788400Z,51.4872051697267,5.5309321812260706,1.0
2021-11-28T02:26:06.788477Z,51.47499060392003,5.568849863625382,1.875
2021-11-28T02:26:06.788553Z,51.61628002476585,5.3788271777408365,1.0
2021-11-28T02:26:06.788629Z,51.62728806821525,5.359588357053704,1.0
2021-11-28T02:26:06.788705Z,51.63637470703018,5.356448296109666,2.0
2021-11-28T02:26:06.788789Z,51.59889576882176,5.399498409962773,1.0
2021-11-28T02:26:06.788867Z,51.595237188420455,5.467760096274168,1.0
2021-11-28T02:26:06.788944Z,51.57711619724717,5.509202911850149,1.0
2021-11-28T02:26:06.789020Z,51.54931084978696,5.535583827424433,1.0
2021-11-28T02:26:06.789097Z,51.52325330069809,5.548754963669198,1.0
2021-11-28T02:26:06.789173Z,51.57191236124768,5.396144531929549,1.0
2021-11-28T02:26:06.789249Z,51.50566593885782,5.47955591224461,2.6
2021-11-28T02:26:06.789325Z,51.49614396267108,5.441476251564246,1.5
2021-11-28T02:26:06.789401Z,51.489415935522445,5.430856667904713,1.0
2021-11-28T02:26:06.789477Z,51.654557213301814,5.252607269676276,1.0
2021-11-28T02:26:06.789554Z,51.633321817630936,5.241375065002883,1.2
2021-11-28T02:26:06.789630Z,51.30538884061069,5.45305116458927,1.0
2021-11-28T02:26:06.789706Z,51.28962078702625,5.43883639259398,1.0
2021-11-28T02:26:06.789791Z,51.314654849812555,5.455445515805467,1.0
2021-11-28T02:26:06.789869Z,51.33428268063824,5.44548771954239,1.0
2021-11-28T02:26:06.789945Z,51.292388718552345,5.440172796651325,1.0
2021-11-28T02:26:06.790037Z,51.35187654106025,5.439337618330673,1.0
2021-11-28T02:26:06.790116Z,51.334752270242014,5.415598246760169,1.5
2021-11-28T02:26:06.790193Z,51.32734880191777,5.3947758257257785,1.7777777777777777
2021-11-28T02:26:06.790271Z,51.329820028832046,5.401763710861541,1.0
2021-11-28T02:26:06.790347Z,51.32417603575115,5.3875304528185275,1.2
2021-11-28T02:26:06.790423Z,51.31835960969483,5.37411839038015,1.0
2021-11-28T02:26:06.790502Z,51.310419525350234,5.357498377270817,3.0
2021-11-28T02:26:06.790589Z,51.30323693074947,5.3552516913825805,1.4
2021-11-28T02:26:06.790667Z,51.329424156706764,5.404432284708288,1.0
2021-11-28T02:26:06.790743Z,51.29676911714507,5.394799328250868,1.4
2021-11-28T02:26:06.790821Z,51.32169437678845,5.400426968461233,1.0
2021-11-28T02:26:06.790897Z,51.30367248005159,5.394657101830674,1.1666666666666667
2021-11-28T02:26:06.790973Z,51.28613566987805,5.389250156844321,1.1
2021-11-28T02:26:06.791049Z,51.28245927022065,5.38472070917754,1.5
2021-11-28T02:26:06.791126Z,51.36942934181628,5.420875852438546,1.0
2021-11-28T02:26:06.791201Z,51.36471055135824,5.4198815885306155,1.1428571428571428
2021-11-28T02:26:06.791277Z,51.35650350817654,5.421081621320216,1.4
2021-11-28T02:26:06.791353Z,51.34888952091411,5.422884547569157,1.125
2021-11-28T02:26:06.791430Z,51.39926551906418,5.409933810214001,1.0
2021-11-28T02:26:06.791510Z,51.35114994909057,5.338179352431001,1.0
2021-11-28T02:26:06.791586Z,51.38351912512548,5.397126820117149,1.0
2021-11-28T02:26:06.791663Z,53.172965522991625,7.179170159351797,1.04
2021-11-28T02:26:06.791738Z,53.08411249246766,7.161065283893868,1.6691176470588236
2021-11-28T02:26:06.791814Z,53.062039990866644,7.079015326765355,1.305263157894737
2021-11-28T02:26:06.791889Z,53.021379663516946,7.0423751830083745,1.6444444444444444
2021-11-28T02:26:06.791965Z,52.9683566874895,6.980498053098027,1.5212121212121212
2021-11-28T02:26:06.792042Z,53.281255498652634,6.769805000965422,1.0526315789473684
2021-11-28T02:26:06.792118Z,53.26370606423442,7.057430168799154,1.0
2021-11-28T02:26:06.792196Z,51.3313231905581,6.1317506350815245,1.0
2021-11-28T02:26:06.792270Z,51.14923903071201,6.0766458631913585,1.3333333333333333
2021-11-28T02:26:06.792354Z,51.63558404700065,6.057038051442147,2.142857142857143
2021-11-28T02:26:06.792431Z,51.63027572564827,6.025776225000424,1.4
2021-11-28T02:26:06.792508Z,51.63101980351828,6.011155319672248,1.0
2021-11-28T02:26:06.792584Z,51.410700754438956,6.147779868604523,1.0
2021-11-28T02:26:06.792660Z,51.52273335407648,6.19684496598211,1.0
2021-11-28T02:26:06.792737Z,51.51650043955035,6.188233536033459,1.0
2021-11-28T02:26:06.792813Z,51.18398128117944,5.989406053061836,1.0
2021-11-28T02:26:06.792889Z,51.18365598522425,5.984510294228391,1.6666666666666667
2021-11-28T02:26:06.792964Z,51.18673788025482,5.972406696321192,1.3333333333333333
2021-11-28T02:26:06.793051Z,51.68759358466996,6.02969460981853,1.0
2021-11-28T02:26:06.793129Z,51.47579856549275,6.211412004368742,1.0
2021-11-28T02:26:06.793206Z,51.472128599505474,6.183278361797747,2.0
2021-11-28T02:26:06.793283Z,51.517732459797564,5.92661190480011,1.0
2021-11-28T02:26:06.793359Z,51.06994227828123,5.879939484449082,1.6666666666666667
2021-11-28T02:26:06.793436Z,51.085809244926864,5.860142753818794,1.0
2021-11-28T02:26:06.793512Z,51.68963328361278,6.028190577690867,1.1111111111111112
2021-11-28T02:26:06.793587Z,51.705475663043664,6.005672450805779,1.1111111111111112
2021-11-28T02:26:06.793663Z,51.69944649345229,5.9809263871832465,1.3333333333333333
2021-11-28T02:26:06.793740Z,51.71472992214716,5.949422731262089,1.3333333333333333
2021-11-28T02:26:06.793817Z,51.10267005756719,5.947493526726416,1.0
2021-11-28T02:26:06.793893Z,51.11688881034629,5.938483610394251,1.0
2021-11-28T02:26:06.793969Z,51.14892275914484,6.158376772035553,1.0909090909090908
2021-11-28T02:26:06.794046Z,51.14891775550434,6.157776423915687,1.0
2021-11-28T02:26:06.794130Z,51.148548971217004,6.156455384068527,1.0
2021-11-28T02:26:06.794208Z,51.14833268654244,6.155179790419614,1.0
2021-11-28T02:26:06.794285Z,51.14819728102307,6.153905558841626,1.0
2021-11-28T02:26:06.794363Z,51.14502707483092,6.131344686981139,1.0
2021-11-28T02:26:06.794439Z,51.131754470865026,6.084312592278037,1.0
2021-11-28T02:26:06.794516Z,51.1401747526414,6.081725397077569,1.0909090909090908
2021-11-28T02:26:06.794592Z,51.150042919235226,6.025663316791868,1.0
2021-11-28T02:26:06.794667Z,51.14993405707959,5.999135606621922,1.0
2021-11-28T02:26:06.794744Z,51.15388230364975,6.000446026092381,1.0
2021-11-28T02:26:06.794821Z,51.170834428554436,5.986888607871588,1.0
2021-11-28T02:26:06.794898Z,51.22914592924862,6.071533863929638,1.0
2021-11-28T02:26:06.794974Z,51.23211494638176,6.058749440580565,1.0
2021-11-28T02:26:06.795050Z,51.232550702828654,6.045425831275195,1.0
2021-11-28T02:26:06.795125Z,51.23026648681777,6.034397410324071,1.0
2021-11-28T02:26:06.795201Z,51.24756687901244,6.02526053638925,1.0
2021-11-28T02:26:06.795278Z,51.1235811564144,6.000298853831176,1.0
2021-11-28T02:26:06.795355Z,51.1251918873285,5.9217705096891216,1.1666666666666667
2021-11-28T02:26:06.795432Z,51.16206214319229,5.9357807404663125,1.0
2021-11-28T02:26:06.795509Z,51.35559913550903,6.147594122908026,1.0
2021-11-28T02:26:06.795586Z,50.91511367570443,6.087983480543155,1.0
2021-11-28T02:26:06.795662Z,53.38941558683985,6.170766307029833,1.125
2021-11-28T02:26:06.795739Z,53.16597041947469,6.279600516040381,1.8
2021-11-28T02:26:06.795815Z,53.1788876769094,6.307583566529567,1.3333333333333333
2021-11-28T02:26:06.795898Z,53.18607924845135,6.3130773509411116,1.0
2021-11-28T02:26:06.795976Z,53.16929443082936,6.297644255392107,1.0
2021-11-28T02:26:06.796052Z,53.23594193327271,6.366432483792886,1.1818181818181819
2021-11-28T02:26:06.796128Z,53.256009648059134,6.338252062809392,1.2
2021-11-28T02:26:06.796203Z,53.23679822815553,6.314044291640824,1.368421052631579
2021-11-28T02:26:06.796279Z,53.20723341878087,6.317616419984254,1.75
2021-11-28T02:26:06.796356Z,53.200735611363946,6.351852110201353,1.3333333333333333
2021-11-28T02:26:06.796432Z,53.207091219013286,6.370374142081803,1.9230769230769231
2021-11-28T02:26:06.796508Z,53.19970612723299,6.413111311967704,1.0
2021-11-28T02:26:06.796584Z,53.21151008312683,6.465813958886106,1.7692307692307692
2021-11-28T02:26:06.796660Z,53.2359427746762,6.39241874464435,1.0
2021-11-28T02:26:06.796735Z,53.21607265841326,6.408589256035699,1.0
2021-11-28T02:26:06.796811Z,53.20770953277095,6.45670838627312,1.0
2021-11-28T02:26:06.796887Z,53.21578256557497,6.500787781010035,1.1428571428571428
2021-11-28T02:26:06.796964Z,53.252516747851615,6.481417133818208,1.0
2021-11-28T02:26:06.797115Z,53.27274494795067,6.484328487256222,1.2
2021-11-28T02:26:06.797198Z,53.30254255639053,6.4804063040533775,1.0
2021-11-28T02:26:06.797285Z,53.15657741261879,6.384775378052077,1.25
2021-11-28T02:26:06.797362Z,53.14768979315618,6.36406323769153,1.7222222222222223
2021-11-28T02:26:06.797439Z,53.134142612816774,6.342360311197202,2.235294117647059
2021-11-28T02:26:06.797516Z,53.13161021222424,6.3216254585693274,1.8235294117647058
2021-11-28T02:26:06.797611Z,53.12606741039353,6.317935414330542,3.5384615384615383
2021-11-28T02:26:06.797709Z,53.11318871053925,6.335282455593836,2.0
2021-11-28T02:26:06.797800Z,53.04693274326968,6.382689558098345,1.0
2021-11-28T02:26:06.797883Z,53.02358493264966,6.408327274038021,1.1666666666666667
2021-11-28T02:26:06.797960Z,53.01531663359096,6.44762273709476,1.0
2021-11-28T02:26:06.798119Z,53.01577085803517,6.471134198825819,1.0
2021-11-28T02:26:06.798199Z,53.23731633652669,6.646005849045835,1.2857142857142858
2021-11-28T02:26:06.798276Z,53.24263708766647,6.6536212484107145,1.0
2021-11-28T02:26:06.798353Z,53.27994444987509,6.709053102878956,1.0
2021-11-28T02:26:06.798430Z,53.28537593973344,6.714423007076492,1.0
2021-11-28T02:26:06.798508Z,53.3190557842832,6.856636032112019,1.0
2021-11-28T02:26:06.798585Z,53.310656674520736,6.849732580625835,1.0
2021-11-28T02:26:06.798662Z,53.321740354626584,6.86927484804612,1.0
2021-11-28T02:26:06.798740Z,53.32486355441892,6.881945499377346,1.0
2021-11-28T02:26:06.798816Z,53.33658518801483,6.873719272129762,1.0
2021-11-28T02:26:06.798895Z,52.1300327570868,6.491044799639169,1.1666666666666667
2021-11-28T02:26:06.798971Z,52.14656151786046,6.244810410490709,1.0
2021-11-28T02:26:06.799048Z,52.15267560073949,6.282043689795704,1.0
2021-11-28T02:26:06.799124Z,52.16270947623487,6.423347386763083,1.3333333333333333
2021-11-28T02:26:06.799201Z,52.163570081311455,6.372210255955973,1.3333333333333333
2021-11-28T02:26:06.799277Z,52.165243997907645,6.495555743897092,1.0
2021-11-28T02:26:06.799353Z,52.126171840762275,6.591602749418409,1.0
2021-11-28T02:26:06.799430Z,52.18122504974163,6.485059409298326,2.6
2021-11-28T02:26:06.799506Z,52.16519433447912,6.539201172385179,2.888888888888889
2021-11-28T02:26:06.799582Z,51.948324536084314,6.759789350023891,1.0
2021-11-28T02:26:06.799659Z,51.95044442060931,6.75607177514164,1.0
2021-11-28T02:26:06.799736Z,51.952478275203305,6.753558748465623,1.0
2021-11-28T02:26:06.799813Z,52.139071668955616,6.850545379247241,1.1538461538461537
2021-11-28T02:26:06.799889Z,52.14809231330441,6.7773708630964675,1.7
2021-11-28T02:26:06.799966Z,52.151442160463944,6.832947338327501,1.0
2021-11-28T02:26:06.800041Z,52.145909493854994,6.753398638623573,1.0
2021-11-28T02:26:06.800117Z,52.135521007825155,6.683897857048169,1.0
2021-11-28T02:26:06.800193Z,52.007682356877694,6.66797590386378,1.0
2021-11-28T02:26:06.800269Z,52.02122812236782,6.648911689635265,1.0
2021-11-28T02:26:06.800345Z,52.01376932582551,6.65540290293221,1.0
2021-11-28T02:26:06.800423Z,52.0037471116106,6.677665532885067,1.0
2021-11-28T02:26:06.800499Z,52.00083669780653,6.68971342887705,1.0
2021-11-28T02:26:06.800575Z,52.22879682721315,6.234684136585282,1.9090909090909092
2021-11-28T02:26:06.800651Z,52.234931073221446,6.203457920971692,2.090909090909091
2021-11-28T02:26:06.800728Z,52.24247276052332,6.3556388483642134,1.0
2021-11-28T02:26:06.800804Z,52.17213464813141,6.249570878083816,1.0
2021-11-28T02:26:06.800880Z,52.149899236235264,6.5561801503039785,7.8
2021-11-28T02:26:06.800958Z,52.00253252966181,6.284258018311328,1.2
2021-11-28T02:26:06.801035Z,52.03075919356912,6.2253959517528665,1.75
2021-11-28T02:26:06.801111Z,51.99345956413334,6.291749906936964,1.3333333333333333
2021-11-28T02:26:06.801186Z,52.06997075097052,6.176729975193743,1.0
2021-11-28T02:26:06.801262Z,51.874077539894174,6.269685670030019,1.0
2021-11-28T02:26:06.801338Z,51.86957258482605,6.248107000334144,1.0
2021-11-28T02:26:06.801415Z,51.86900122906357,6.2264608854531405,1.0
2021-11-28T02:26:06.801492Z,52.163670391802626,6.434638963895262,1.75
2021-11-28T02:26:06.801568Z,52.096937830886084,6.547030191896587,1.5833333333333333
2021-11-28T02:26:06.801644Z,52.1094634965874,6.533734561340092,3.2857142857142856
2021-11-28T02:26:06.801720Z,52.077951327149584,6.588494787370759,1.0
2021-11-28T02:26:06.801796Z,52.09056495358333,6.488946428789677,2.3636363636363638
2021-11-28T02:26:06.801873Z,52.08172724889911,6.487211324451473,1.375
2021-11-28T02:26:06.801949Z,52.17985460458629,6.3171543094229055,1.0
2021-11-28T02:26:06.802026Z,51.908937448104425,6.038059626050734,1.4375
2021-11-28T02:26:06.802103Z,51.87625913176735,6.136861695025822,3.0
2021-11-28T02:26:06.802179Z,51.884989459980446,6.126563567848685,1.6
2021-11-28T02:26:06.802256Z,51.89044501744888,6.120915108884098,1.0
2021-11-28T02:26:06.802333Z,51.89754898669908,6.085027513861198,2.2857142857142856
2021-11-28T02:26:06.802409Z,51.91413843102212,6.003688126966053,1.0
2021-11-28T02:26:06.802484Z,51.89162490607321,6.1030511680302695,1.0
2021-11-28T02:26:06.802561Z,51.87128674778578,6.144126383687935,2.2
2021-11-28T02:26:06.802637Z,52.25382559493223,6.335630750283816,1.375
2021-11-28T02:26:06.802714Z,52.09446598885319,6.684107675349039,1.1666666666666667
2021-11-28T02:26:06.802790Z,52.08685373304651,6.692116661621796,1.8333333333333333
2021-11-28T02:26:06.802867Z,51.988391471796795,6.721369024853307,2.0
2021-11-28T02:26:06.802966Z,51.98680892568596,6.713459863386864,1.0
2021-11-28T02:26:06.803080Z,52.094109659134425,6.2757340702014455,2.375
2021-11-28T02:26:06.803191Z,52.06486570003694,6.411309035856054,1.0
2021-11-28T02:26:06.803303Z,51.98406133193678,6.747037920443231,1.5
2021-11-28T02:26:06.803383Z,52.18859934408202,6.497160182108842,2.0833333333333335
2021-11-28T02:26:06.803462Z,52.12804644877552,6.831956061906007,2.1
2021-11-28T02:26:06.803539Z,52.14325727722886,6.792444475086987,1.4
2021-11-28T02:26:06.803617Z,52.2852663439574,5.736646425815938,1.0
2021-11-28T02:26:06.803695Z,52.367023619322715,5.689132349040402,1.0
2021-11-28T02:26:06.803772Z,52.37694363040477,5.6793164605916475,1.0
2021-11-28T02:26:06.803849Z,52.31128446014807,5.711951672906803,1.0
2021-11-28T02:26:06.803926Z,52.32384890577057,5.705486936027193,1.0
2021-11-28T02:26:06.804006Z,52.24910994221808,5.535497779614765,1.5
2021-11-28T02:26:06.804084Z,52.243533033792936,5.531862703463583,1.25
2021-11-28T02:26:06.804161Z,52.26379059046744,5.539721526927312,1.1666666666666667
2021-11-28T02:26:06.804238Z,52.23690967976342,5.551926447110073,1.0
2021-11-28T02:26:06.804326Z,52.24080811793383,5.533171501542388,1.0
2021-11-28T02:26:06.804419Z,52.31334634386232,5.7138731641376,1.0
2021-11-28T02:26:06.804544Z,52.27778163226943,5.7419652193921245,1.0
2021-11-28T02:26:06.804642Z,52.26618920610997,5.533503910511978,1.5
2021-11-28T02:26:06.804818Z,52.341680227423055,5.705585520309102,1.3333333333333333
2021-11-28T02:26:06.804899Z,52.2978091760439,5.722554629121792,1.0
2021-11-28T02:26:06.804995Z,52.3533817653571,5.698991080366959,1.7142857142857142
2021-11-28T02:26:06.805127Z,52.25215244887393,5.465009654308564,1.0
2021-11-28T02:26:06.805259Z,52.2520522621383,5.466986471149305,1.0
2021-11-28T02:26:06.805358Z,52.265590008500666,5.325766683339716,1.0
2021-11-28T02:26:06.805439Z,52.27183877025792,5.330329155493153,1.0
2021-11-28T02:26:06.805520Z,52.268557323607624,5.328443512667017,1.0
2021-11-28T02:26:06.805598Z,52.231236868361265,5.307590222561284,1.0
2021-11-28T02:26:06.805699Z,52.1933097921718,5.3100270913114045,1.0
2021-11-28T02:26:06.805797Z,52.23752226165039,5.544301470059967,2.0
2021-11-28T02:26:06.805900Z,52.47752783122345,6.449370570497796,1.0
2021-11-28T02:26:06.805979Z,52.43323285684905,6.7158479513704785,1.4
2021-11-28T02:26:06.806057Z,52.435876072015986,6.709368044219381,3.0
2021-11-28T02:26:06.806135Z,52.43932285432744,6.706573563515914,1.2222222222222223
2021-11-28T02:26:06.806213Z,52.44257400828219,6.660822432453532,1.5
2021-11-28T02:26:06.806291Z,52.44529368406913,6.500594448061176,1.0
2021-11-28T02:26:06.806368Z,52.43753757184851,6.567374999037012,1.1428571428571428
2021-11-28T02:26:06.806445Z,52.42468658956664,6.600069661809596,2.8
2021-11-28T02:26:06.806522Z,52.4393956223304,6.6334477929257245,1.5
2021-11-28T02:26:06.806689Z,52.41851312848347,6.636241122559229,1.6842105263157894
2021-11-28T02:26:06.806813Z,52.38388089708102,6.6879561799930505,1.375
2021-11-28T02:26:06.806899Z,52.37603804526132,6.712693936916858,1.0
2021-11-28T02:26:06.806981Z,52.387357375519564,6.73000040045258,1.4166666666666667
2021-11-28T02:26:06.807072Z,52.40615711456672,6.744576696874737,1.0769230769230769
2021-11-28T02:26:06.807152Z,52.38629259641274,6.597006132633027,1.3333333333333333
2021-11-28T02:26:06.807234Z,52.35681078970021,6.800497607933362,1.5
2021-11-28T02:26:06.807337Z,52.36172267191132,6.793371617564633,1.0
2021-11-28T02:26:06.807417Z,52.34401601877301,6.767317125285152,1.2222222222222223
2021-11-28T02:26:06.807497Z,52.370034382486054,6.795882080973266,1.5
2021-11-28T02:26:06.807574Z,52.34120312753137,6.774949032536429,1.0
2021-11-28T02:26:06.807652Z,52.35891076280991,6.816494088941369,1.1666666666666667
2021-11-28T02:26:06.807730Z,52.288054912007894,6.763189681626971,1.0
2021-11-28T02:26:06.807808Z,52.340941723260826,6.709899050064129,1.0
2021-11-28T02:26:06.807885Z,52.25216446123343,6.7768282981808365,1.0
2021-11-28T02:26:06.807964Z,52.33140881763962,6.728688927862423,1.3333333333333333
2021-11-28T02:26:06.808042Z,52.33824306948988,6.734765351545822,1.1428571428571428
2021-11-28T02:26:06.808120Z,52.3184312789176,6.789697507720477,1.1818181818181819
2021-11-28T02:26:06.808199Z,52.31101352709257,6.76463422185111,1.4
2021-11-28T02:26:06.808277Z,52.308463016655345,6.88422144666836,1.0
2021-11-28T02:26:06.808357Z,52.29955143789371,6.851488422669356,1.5
2021-11-28T02:26:06.808435Z,52.312047922715614,6.808620512510371,1.5
2021-11-28T02:26:06.808513Z,52.31555106039537,6.831819005394088,1.3333333333333333
2021-11-28T02:26:06.808591Z,52.3182498619782,6.761514382586884,1.2
2021-11-28T02:26:06.808668Z,52.33151364764638,6.7454919558374895,1.0
2021-11-28T02:26:06.808745Z,52.3653172233069,6.779007499372972,1.2222222222222223
2021-11-28T02:26:06.808822Z,52.792456446321154,6.725979332444139,1.75
2021-11-28T02:26:06.808902Z,52.79355690121065,6.723225523479131,2.5
2021-11-28T02:26:06.809003Z,52.73079259823137,6.799710030830581,2.4
2021-11-28T02:26:06.809089Z,52.6910821885973,6.788403256986175,1.1111111111111112
2021-11-28T02:26:06.809166Z,52.68113114200071,6.769303667372029,1.2857142857142858
2021-11-28T02:26:06.809244Z,52.74307704044336,6.861419723423221,2.923076923076923
2021-11-28T02:26:06.809349Z,52.723410230421514,6.867997775522612,1.2
2021-11-28T02:26:06.809488Z,52.71493140464419,6.866068772584391,1.2
2021-11-28T02:26:06.809629Z,52.653219262576016,6.872461344193431,1.0
2021-11-28T02:26:06.809885Z,52.651685747720954,6.777807056060456,2.3333333333333335
2021-11-28T02:26:06.810085Z,52.66640544593916,6.650834944016076,1.8333333333333333
2021-11-28T02:26:06.810233Z,53.30362246721431,5.762617838226068,1.0
2021-11-28T02:26:06.810380Z,53.31878382284224,5.75581735898173,1.125
2021-11-28T02:26:06.810526Z,53.29753826217677,5.793341149415907,1.0
2021-11-28T02:26:06.810685Z,53.285889761622634,5.820041028210849,1.0
2021-11-28T02:26:06.810909Z,53.08315149594858,6.2276159691621835,1.5625
2021-11-28T02:26:06.811067Z,53.063472886768196,6.149543197618291,1.0
2021-11-28T02:26:06.811219Z,53.057290517124684,6.132386150328017,1.0
2021-11-28T02:26:06.811368Z,53.049409153439,6.1089868872539155,1.25
2021-11-28T02:26:06.811464Z,53.03985378877283,6.071241208767171,1.0
2021-11-28T02:26:06.811548Z,53.03937765184509,6.0520901144306105,1.0
2021-11-28T02:26:06.811628Z,53.06797886882792,6.164317818726546,1.434782608695652
2021-11-28T02:26:06.811708Z,53.06881498356667,6.188786041670614,1.1666666666666667
2021-11-28T02:26:06.811786Z,52.93358451306792,6.165847711490462,1.1666666666666667
2021-11-28T02:26:06.811872Z,52.92721418991574,6.143278561136637,1.3333333333333333
2021-11-28T02:26:06.811963Z,52.914462534993625,6.11278885997251,1.1333333333333333
2021-11-28T02:26:06.812042Z,52.896210538636275,6.077949673974818,1.1538461538461537
2021-11-28T02:26:06.812120Z,52.877980096152186,6.066357219683749,1.4
2021-11-28T02:26:06.812197Z,52.88912216885897,6.119781834951344,1.3333333333333333
2021-11-28T02:26:06.812275Z,52.8920438671187,6.094288121804769,1.0714285714285714
2021-11-28T02:26:06.812352Z,52.866123413776606,6.03954650527739,1.1111111111111112
2021-11-28T02:26:06.812429Z,52.84889098565163,5.987408543789848,1.2222222222222223
2021-11-28T02:26:06.812505Z,53.328723901588205,6.308171146442649,1.0
2021-11-28T02:26:06.812582Z,53.295387355341745,6.272213561617184,1.0
2021-11-28T02:26:06.812659Z,53.27325139928941,6.25302159035862,1.2
2021-11-28T02:26:06.812736Z,53.253568631897096,6.2205322360893724,1.0
2021-11-28T02:26:06.812813Z,53.24461606511943,6.211805716258733,1.0
2021-11-28T02:26:06.812889Z,52.9991265961466,5.950870907116231,1.0
2021-11-28T02:26:06.812966Z,53.017595728225615,5.944642938099756,1.25
2021-11-28T02:26:06.813042Z,53.00687403435644,5.9448630892131975,1.380952380952381
2021-11-28T02:26:06.813117Z,53.02050633656102,5.967511255068555,1.1818181818181819
2021-11-28T02:26:06.813194Z,53.427631114343626,5.644797336877092,1.5454545454545454
2021-11-28T02:26:06.813270Z,53.441900851586794,5.720938183557167,2.7142857142857144
2021-11-28T02:26:06.813347Z,53.42842057092441,5.691513027945122,1.0
2021-11-28T02:26:06.813423Z,53.02295487436189,5.860462024020745,1.6666666666666667
2021-11-28T02:26:06.813500Z,53.00934434611038,5.866318146541861,1.4
2021-11-28T02:26:06.813576Z,53.022482620360115,5.905032778432038,1.0
2021-11-28T02:26:06.813653Z,53.02269188170022,5.906510711020727,1.2
2021-11-28T02:26:06.813745Z,53.02211325054263,5.9215858862289155,1.0
2021-11-28T02:26:06.813823Z,53.02279110279884,5.922726882690304,1.0833333333333333
2021-11-28T02:26:06.813903Z,53.151215190336494,5.598533184360682,1.3571428571428572
2021-11-28T02:26:06.813979Z,53.13637835046498,5.547223729703574,1.2857142857142858
2021-11-28T02:26:06.814056Z,53.16586871232178,5.547871088705824,1.4285714285714286
2021-11-28T02:26:06.814132Z,53.12614172782158,5.534622433679409,1.3888888888888888
2021-11-28T02:26:06.814209Z,53.106714578137854,5.526926067606704,1.3125
2021-11-28T02:26:06.814285Z,53.15489569742378,5.555469109650803,1.3333333333333333
2021-11-28T02:26:06.814361Z,53.14593958268184,5.517248395916802,1.3
2021-11-28T02:26:06.814438Z,53.316254711789725,5.765848865457474,1.8
2021-11-28T02:26:06.814514Z,53.3190490850888,5.768709493347059,1.8181818181818181
2021-11-28T02:26:06.814597Z,53.32687204458639,5.780860535083265,2.1666666666666665
2021-11-28T02:26:06.814675Z,53.320934438746164,5.793846792581853,1.0
2021-11-28T02:26:06.814752Z,53.033562061293686,5.8774523863041175,1.6
2021-11-28T02:26:06.814828Z,53.04004174452635,5.885994004251899,1.0
2021-11-28T02:26:06.814905Z,53.039008114253335,5.915352919835561,1.0
2021-11-28T02:26:06.814981Z,53.04736563616805,5.933289168127283,1.0
2021-11-28T02:26:06.815068Z,53.00713961510077,5.875962712016893,1.0
2021-11-28T02:26:06.815146Z,53.039898960240784,5.919135812019809,1.0
2021-11-28T02:26:06.815223Z,53.02377264517757,5.9381048253555635,1.0
2021-11-28T02:26:06.815299Z,53.357956820565505,6.132719474479861,1.3333333333333333
2021-11-28T02:26:06.815375Z,53.35322024705926,6.089641013068074,1.7777777777777777
2021-11-28T02:26:06.815451Z,53.342271147487395,6.05095127272862,1.7969230769230768
